ID,index,X1,X2,X3,X4,X5,day,integrity
K#0000,0,1.897,1.111,0.585,1.436,3.684,1.,94.203
K#0000,0,1.897,1.111,0.585,1.436,3.684,3.,90.663
K#0000,0,1.897,1.111,0.585,1.436,3.684,5.,76.650
K#0000,0,1.897,1.111,0.585,1.436,3.684,7.,74.893
K#0000,0,1.897,1.111,0.585,1.436,3.684,8.,73.923
K#0000,0,1.897,1.111,0.585,1.436,3.684,9.,68.215
K#0000,0,1.897,1.111,0.585,1.436,3.684,10.,80.775
K#0000,0,1.897,1.111,0.585,1.436,3.684,11.,67.666
K#0000,0,1.897,1.111,0.585,1.436,3.684,13.,68.079
K#0000,0,1.897,1.111,0.585,1.436,3.684,14.,63.360
K#0000,0,1.897,1.111,0.585,1.436,3.684,15.,70.837
K#0000,0,1.897,1.111,0.585,1.436,3.684,19.,63.039
K#0000,0,1.897,1.111,0.585,1.436,3.684,21.,56.618
K#0000,0,1.897,1.111,0.585,1.436,3.684,22.,41.001
K#0000,0,1.897,1.111,0.585,1.436,3.684,24.,49.526
K#0000,0,1.897,1.111,0.585,1.436,3.684,25.,51.363
K#0000,0,1.897,1.111,0.585,1.436,3.684,26.,51.679
K#0000,0,1.897,1.111,0.585,1.436,3.684,29.,39.916
K#0000,0,1.897,1.111,0.585,1.436,3.684,30.,50.963
K#0000,0,1.897,1.111,0.585,1.436,3.684,31.,34.128
K#0000,0,1.897,1.111,0.585,1.436,3.684,32.,36.330
K#0000,0,1.897,1.111,0.585,1.436,3.684,33.,43.251
K#0000,0,1.897,1.111,0.585,1.436,3.684,34.,37.786
K#0000,0,1.897,1.111,0.585,1.436,3.684,36.,45.567
K#0000,0,1.897,1.111,0.585,1.436,3.684,37.,35.544
K#0000,0,1.897,1.111,0.585,1.436,3.684,38.,30.508
K#0000,0,1.897,1.111,0.585,1.436,3.684,41.,29.149
K#0000,0,1.897,1.111,0.585,1.436,3.684,43.,23.939
K#0000,0,1.897,1.111,0.585,1.436,3.684,44.,22.218
K#0000,0,1.897,1.111,0.585,1.436,3.684,45.,30.991
K#0001,1,0.47,5.415,0.75,4.828,0.649,5.,66.707
K#0001,1,0.47,5.415,0.75,4.828,0.649,15.,55.419
K#0001,1,0.47,5.415,0.75,4.828,0.649,18.,44.543
K#0001,1,0.47,5.415,0.75,4.828,0.649,20.,41.151
K#0001,1,0.47,5.415,0.75,4.828,0.649,24.,34.249
K#0001,1,0.47,5.415,0.75,4.828,0.649,26.,31.423
K#0002,2,0.448,2.945,0.749,1.087,0.428,2.,95.396
K#0002,2,0.448,2.945,0.749,1.087,0.428,3.,86.099
K#0002,2,0.448,2.945,0.749,1.087,0.428,4.,83.402
K#0002,2,0.448,2.945,0.749,1.087,0.428,5.,75.593
K#0002,2,0.448,2.945,0.749,1.087,0.428,6.,84.509
K#0002,2,0.448,2.945,0.749,1.087,0.428,7.,82.227
K#0002,2,0.448,2.945,0.749,1.087,0.428,8.,73.237
K#0002,2,0.448,2.945,0.749,1.087,0.428,9.,73.943
K#0002,2,0.448,2.945,0.749,1.087,0.428,10.,64.252
K#0002,2,0.448,2.945,0.749,1.087,0.428,11.,66.025
K#0002,2,0.448,2.945,0.749,1.087,0.428,12.,73.020
K#0002,2,0.448,2.945,0.749,1.087,0.428,14.,62.521
K#0002,2,0.448,2.945,0.749,1.087,0.428,15.,71.355
K#0002,2,0.448,2.945,0.749,1.087,0.428,16.,53.896
K#0002,2,0.448,2.945,0.749,1.087,0.428,17.,58.827
K#0002,2,0.448,2.945,0.749,1.087,0.428,18.,53.105
K#0002,2,0.448,2.945,0.749,1.087,0.428,19.,55.129
K#0002,2,0.448,2.945,0.749,1.087,0.428,20.,50.539
K#0002,2,0.448,2.945,0.749,1.087,0.428,21.,46.102
K#0002,2,0.448,2.945,0.749,1.087,0.428,22.,42.958
K#0002,2,0.448,2.945,0.749,1.087,0.428,23.,61.067
K#0002,2,0.448,2.945,0.749,1.087,0.428,24.,43.843
K#0002,2,0.448,2.945,0.749,1.087,0.428,25.,32.688
K#0002,2,0.448,2.945,0.749,1.087,0.428,26.,38.118
K#0002,2,0.448,2.945,0.749,1.087,0.428,27.,43.388
K#0002,2,0.448,2.945,0.749,1.087,0.428,28.,36.179
K#0002,2,0.448,2.945,0.749,1.087,0.428,29.,44.207
K#0002,2,0.448,2.945,0.749,1.087,0.428,30.,41.183
K#0002,2,0.448,2.945,0.749,1.087,0.428,31.,34.217
K#0002,2,0.448,2.945,0.749,1.087,0.428,32.,31.465
K#0002,2,0.448,2.945,0.749,1.087,0.428,33.,27.687
K#0002,2,0.448,2.945,0.749,1.087,0.428,34.,28.133
K#0002,2,0.448,2.945,0.749,1.087,0.428,35.,23.224
K#0002,2,0.448,2.945,0.749,1.087,0.428,36.,35.603
K#0002,2,0.448,2.945,0.749,1.087,0.428,37.,36.560
K#0002,2,0.448,2.945,0.749,1.087,0.428,38.,21.383
K#0002,2,0.448,2.945,0.749,1.087,0.428,39.,20.843
K#0002,2,0.448,2.945,0.749,1.087,0.428,40.,17.027
K#0002,2,0.448,2.945,0.749,1.087,0.428,41.,20.198
K#0002,2,0.448,2.945,0.749,1.087,0.428,42.,8.660
K#0002,2,0.448,2.945,0.749,1.087,0.428,43.,17.683
K#0003,3,5.816,1.22,0.682,12.838,0.723,0.,88.253
K#0003,3,5.816,1.22,0.682,12.838,0.723,1.,86.549
K#0003,3,5.816,1.22,0.682,12.838,0.723,2.,74.312
K#0003,3,5.816,1.22,0.682,12.838,0.723,3.,80.586
K#0003,3,5.816,1.22,0.682,12.838,0.723,4.,78.461
K#0003,3,5.816,1.22,0.682,12.838,0.723,5.,71.861
K#0003,3,5.816,1.22,0.682,12.838,0.723,6.,67.893
K#0003,3,5.816,1.22,0.682,12.838,0.723,7.,42.853
K#0003,3,5.816,1.22,0.682,12.838,0.723,8.,59.806
K#0003,3,5.816,1.22,0.682,12.838,0.723,9.,55.331
K#0003,3,5.816,1.22,0.682,12.838,0.723,10.,51.837
K#0003,3,5.816,1.22,0.682,12.838,0.723,11.,46.684
K#0003,3,5.816,1.22,0.682,12.838,0.723,12.,47.520
K#0003,3,5.816,1.22,0.682,12.838,0.723,13.,46.845
K#0003,3,5.816,1.22,0.682,12.838,0.723,14.,41.135
K#0003,3,5.816,1.22,0.682,12.838,0.723,15.,37.929
K#0003,3,5.816,1.22,0.682,12.838,0.723,16.,44.300
K#0003,3,5.816,1.22,0.682,12.838,0.723,17.,30.639
K#0003,3,5.816,1.22,0.682,12.838,0.723,19.,37.650
K#0003,3,5.816,1.22,0.682,12.838,0.723,20.,31.693
K#0003,3,5.816,1.22,0.682,12.838,0.723,23.,22.223
K#0003,3,5.816,1.22,0.682,12.838,0.723,24.,23.429
K#0003,3,5.816,1.22,0.682,12.838,0.723,25.,18.985
K#0003,3,5.816,1.22,0.682,12.838,0.723,26.,25.733
K#0003,3,5.816,1.22,0.682,12.838,0.723,27.,22.933
K#0003,3,5.816,1.22,0.682,12.838,0.723,28.,17.307
K#0003,3,5.816,1.22,0.682,12.838,0.723,29.,13.534
K#0003,3,5.816,1.22,0.682,12.838,0.723,30.,19.563
K#0003,3,5.816,1.22,0.682,12.838,0.723,31.,21.902
K#0003,3,5.816,1.22,0.682,12.838,0.723,32.,15.655
K#0003,3,5.816,1.22,0.682,12.838,0.723,33.,17.472
K#0003,3,5.816,1.22,0.682,12.838,0.723,34.,12.700
K#0003,3,5.816,1.22,0.682,12.838,0.723,35.,14.159
K#0003,3,5.816,1.22,0.682,12.838,0.723,36.,11.645
K#0003,3,5.816,1.22,0.682,12.838,0.723,37.,13.890
K#0003,3,5.816,1.22,0.682,12.838,0.723,38.,4.225
K#0003,3,5.816,1.22,0.682,12.838,0.723,39.,14.382
K#0003,3,5.816,1.22,0.682,12.838,0.723,41.,8.880
K#0003,3,5.816,1.22,0.682,12.838,0.723,42.,11.301
K#0003,3,5.816,1.22,0.682,12.838,0.723,43.,7.311
K#0004,4,0.354,1.266,4.318,1.321,0.78,1.,81.854
K#0004,4,0.354,1.266,4.318,1.321,0.78,9.,45.898
K#0004,4,0.354,1.266,4.318,1.321,0.78,10.,48.125
K#0004,4,0.354,1.266,4.318,1.321,0.78,14.,33.264
K#0005,5,1.44,0.674,2.084,3.925,0.335,2.,80.345
K#0005,5,1.44,0.674,2.084,3.925,0.335,13.,42.497
K#0005,5,1.44,0.674,2.084,3.925,0.335,19.,24.505
K#0006,6,3.991,2.954,0.741,8.234,0.705,3.,80.241
K#0006,6,3.991,2.954,0.741,8.234,0.705,4.,73.753
K#0006,6,3.991,2.954,0.741,8.234,0.705,7.,65.562
K#0006,6,3.991,2.954,0.741,8.234,0.705,9.,60.391
K#0006,6,3.991,2.954,0.741,8.234,0.705,10.,59.785
K#0006,6,3.991,2.954,0.741,8.234,0.705,11.,52.483
K#0006,6,3.991,2.954,0.741,8.234,0.705,12.,48.789
K#0006,6,3.991,2.954,0.741,8.234,0.705,16.,37.668
K#0006,6,3.991,2.954,0.741,8.234,0.705,20.,30.130
K#0007,7,2.197,0.273,0.144,0.35,3.148,4.,70.998
K#0007,7,2.197,0.273,0.144,0.35,3.148,27.,51.661
K#0007,7,2.197,0.273,0.144,0.35,3.148,31.,43.238
K#0008,8,2.057,0.492,0.748,1.154,0.58,4.,82.780
K#0008,8,2.057,0.492,0.748,1.154,0.58,8.,65.840
K#0008,8,2.057,0.492,0.748,1.154,0.58,9.,73.269
K#0008,8,2.057,0.492,0.748,1.154,0.58,10.,63.436
K#0008,8,2.057,0.492,0.748,1.154,0.58,11.,58.396
K#0008,8,2.057,0.492,0.748,1.154,0.58,12.,63.470
K#0008,8,2.057,0.492,0.748,1.154,0.58,13.,64.230
K#0008,8,2.057,0.492,0.748,1.154,0.58,16.,63.483
K#0008,8,2.057,0.492,0.748,1.154,0.58,17.,56.685
K#0008,8,2.057,0.492,0.748,1.154,0.58,18.,57.561
K#0008,8,2.057,0.492,0.748,1.154,0.58,20.,44.082
K#0008,8,2.057,0.492,0.748,1.154,0.58,21.,48.517
K#0008,8,2.057,0.492,0.748,1.154,0.58,23.,46.235
K#0009,9,2.235,0.604,1.43,1.514,0.287,5.,67.675
K#0009,9,2.235,0.604,1.43,1.514,0.287,6.,61.477
K#0009,9,2.235,0.604,1.43,1.514,0.287,9.,64.983
K#0009,9,2.235,0.604,1.43,1.514,0.287,13.,44.308
K#0009,9,2.235,0.604,1.43,1.514,0.287,18.,41.528
K#0009,9,2.235,0.604,1.43,1.514,0.287,19.,42.532
K#0009,9,2.235,0.604,1.43,1.514,0.287,20.,38.842
K#0010,10,0.574,1.037,0.286,1.919,0.982,6.,62.962
K#0010,10,0.574,1.037,0.286,1.919,0.982,7.,68.544
K#0010,10,0.574,1.037,0.286,1.919,0.982,8.,71.591
K#0010,10,0.574,1.037,0.286,1.919,0.982,9.,59.894
K#0010,10,0.574,1.037,0.286,1.919,0.982,10.,65.634
K#0010,10,0.574,1.037,0.286,1.919,0.982,11.,70.186
K#0010,10,0.574,1.037,0.286,1.919,0.982,12.,64.341
K#0010,10,0.574,1.037,0.286,1.919,0.982,13.,63.725
K#0010,10,0.574,1.037,0.286,1.919,0.982,14.,64.259
K#0010,10,0.574,1.037,0.286,1.919,0.982,15.,67.034
K#0010,10,0.574,1.037,0.286,1.919,0.982,16.,57.801
K#0010,10,0.574,1.037,0.286,1.919,0.982,17.,61.896
K#0010,10,0.574,1.037,0.286,1.919,0.982,19.,52.924
K#0010,10,0.574,1.037,0.286,1.919,0.982,20.,49.305
K#0010,10,0.574,1.037,0.286,1.919,0.982,22.,51.274
K#0010,10,0.574,1.037,0.286,1.919,0.982,23.,45.542
K#0010,10,0.574,1.037,0.286,1.919,0.982,24.,44.602
K#0010,10,0.574,1.037,0.286,1.919,0.982,25.,43.351
K#0010,10,0.574,1.037,0.286,1.919,0.982,26.,33.859
K#0010,10,0.574,1.037,0.286,1.919,0.982,27.,44.835
K#0010,10,0.574,1.037,0.286,1.919,0.982,28.,36.982
K#0010,10,0.574,1.037,0.286,1.919,0.982,29.,41.781
K#0010,10,0.574,1.037,0.286,1.919,0.982,30.,48.607
K#0010,10,0.574,1.037,0.286,1.919,0.982,31.,37.813
K#0010,10,0.574,1.037,0.286,1.919,0.982,32.,36.790
K#0010,10,0.574,1.037,0.286,1.919,0.982,33.,45.422
K#0011,11,0.504,0.509,1.815,0.55,2.154,2.,79.367
K#0011,11,0.504,0.509,1.815,0.55,2.154,4.,76.323
K#0011,11,0.504,0.509,1.815,0.55,2.154,20.,46.254
K#0011,11,0.504,0.509,1.815,0.55,2.154,38.,24.516
K#0012,12,1.343,0.765,0.689,3.498,0.388,2.,83.306
K#0012,12,1.343,0.765,0.689,3.498,0.388,3.,80.527
K#0012,12,1.343,0.765,0.689,3.498,0.388,4.,78.080
K#0012,12,1.343,0.765,0.689,3.498,0.388,5.,72.022
K#0012,12,1.343,0.765,0.689,3.498,0.388,6.,80.814
K#0012,12,1.343,0.765,0.689,3.498,0.388,7.,72.910
K#0012,12,1.343,0.765,0.689,3.498,0.388,8.,75.138
K#0012,12,1.343,0.765,0.689,3.498,0.388,9.,73.397
K#0012,12,1.343,0.765,0.689,3.498,0.388,11.,73.741
K#0012,12,1.343,0.765,0.689,3.498,0.388,12.,55.921
K#0012,12,1.343,0.765,0.689,3.498,0.388,13.,71.872
K#0012,12,1.343,0.765,0.689,3.498,0.388,14.,67.758
K#0012,12,1.343,0.765,0.689,3.498,0.388,15.,62.563
K#0012,12,1.343,0.765,0.689,3.498,0.388,16.,69.948
K#0012,12,1.343,0.765,0.689,3.498,0.388,17.,57.433
K#0012,12,1.343,0.765,0.689,3.498,0.388,18.,58.939
K#0012,12,1.343,0.765,0.689,3.498,0.388,19.,49.608
K#0012,12,1.343,0.765,0.689,3.498,0.388,20.,57.482
K#0012,12,1.343,0.765,0.689,3.498,0.388,21.,51.202
K#0012,12,1.343,0.765,0.689,3.498,0.388,22.,46.700
K#0012,12,1.343,0.765,0.689,3.498,0.388,23.,58.172
K#0012,12,1.343,0.765,0.689,3.498,0.388,24.,44.734
K#0012,12,1.343,0.765,0.689,3.498,0.388,25.,45.010
K#0012,12,1.343,0.765,0.689,3.498,0.388,26.,42.723
K#0013,13,2.093,1.425,0.094,2.74,0.705,6.,79.881
K#0013,13,2.093,1.425,0.094,2.74,0.705,10.,67.060
K#0013,13,2.093,1.425,0.094,2.74,0.705,13.,68.045
K#0013,13,2.093,1.425,0.094,2.74,0.705,15.,61.113
K#0013,13,2.093,1.425,0.094,2.74,0.705,18.,58.256
K#0013,13,2.093,1.425,0.094,2.74,0.705,21.,50.083
K#0013,13,2.093,1.425,0.094,2.74,0.705,23.,45.486
K#0014,14,0.494,1.532,2.11,1.171,5.548,2.,75.417
K#0014,14,0.494,1.532,2.11,1.171,5.548,3.,71.618
K#0014,14,0.494,1.532,2.11,1.171,5.548,7.,61.817
K#0014,14,0.494,1.532,2.11,1.171,5.548,9.,51.882
K#0014,14,0.494,1.532,2.11,1.171,5.548,15.,40.773
K#0014,14,0.494,1.532,2.11,1.171,5.548,18.,38.036
K#0014,14,0.494,1.532,2.11,1.171,5.548,20.,41.003
K#0014,14,0.494,1.532,2.11,1.171,5.548,22.,25.227
K#0014,14,0.494,1.532,2.11,1.171,5.548,24.,17.831
K#0014,14,0.494,1.532,2.11,1.171,5.548,25.,23.238
K#0014,14,0.494,1.532,2.11,1.171,5.548,28.,22.814
K#0014,14,0.494,1.532,2.11,1.171,5.548,37.,15.683
K#0014,14,0.494,1.532,2.11,1.171,5.548,38.,14.606
K#0015,15,0.708,0.7,0.798,0.207,0.631,0.,84.901
K#0015,15,0.708,0.7,0.798,0.207,0.631,1.,87.965
K#0015,15,0.708,0.7,0.798,0.207,0.631,3.,79.400
K#0015,15,0.708,0.7,0.798,0.207,0.631,4.,74.163
K#0015,15,0.708,0.7,0.798,0.207,0.631,5.,72.426
K#0015,15,0.708,0.7,0.798,0.207,0.631,6.,77.407
K#0015,15,0.708,0.7,0.798,0.207,0.631,7.,73.784
K#0015,15,0.708,0.7,0.798,0.207,0.631,8.,71.960
K#0015,15,0.708,0.7,0.798,0.207,0.631,9.,64.263
K#0015,15,0.708,0.7,0.798,0.207,0.631,11.,65.352
K#0015,15,0.708,0.7,0.798,0.207,0.631,13.,57.562
K#0015,15,0.708,0.7,0.798,0.207,0.631,14.,56.425
K#0015,15,0.708,0.7,0.798,0.207,0.631,15.,58.586
K#0015,15,0.708,0.7,0.798,0.207,0.631,16.,50.893
K#0015,15,0.708,0.7,0.798,0.207,0.631,17.,59.599
K#0015,15,0.708,0.7,0.798,0.207,0.631,18.,67.171
K#0015,15,0.708,0.7,0.798,0.207,0.631,19.,55.555
K#0015,15,0.708,0.7,0.798,0.207,0.631,20.,46.611
K#0015,15,0.708,0.7,0.798,0.207,0.631,21.,49.073
K#0015,15,0.708,0.7,0.798,0.207,0.631,22.,41.293
K#0015,15,0.708,0.7,0.798,0.207,0.631,23.,45.860
K#0015,15,0.708,0.7,0.798,0.207,0.631,24.,48.997
K#0015,15,0.708,0.7,0.798,0.207,0.631,25.,48.156
K#0015,15,0.708,0.7,0.798,0.207,0.631,26.,38.832
K#0015,15,0.708,0.7,0.798,0.207,0.631,28.,43.147
K#0015,15,0.708,0.7,0.798,0.207,0.631,29.,46.311
K#0015,15,0.708,0.7,0.798,0.207,0.631,30.,48.212
K#0015,15,0.708,0.7,0.798,0.207,0.631,31.,34.870
K#0015,15,0.708,0.7,0.798,0.207,0.631,32.,33.018
K#0015,15,0.708,0.7,0.798,0.207,0.631,33.,36.605
K#0015,15,0.708,0.7,0.798,0.207,0.631,34.,20.713
K#0015,15,0.708,0.7,0.798,0.207,0.631,35.,31.746
K#0015,15,0.708,0.7,0.798,0.207,0.631,36.,32.119
K#0015,15,0.708,0.7,0.798,0.207,0.631,37.,30.275
K#0015,15,0.708,0.7,0.798,0.207,0.631,38.,23.775
K#0015,15,0.708,0.7,0.798,0.207,0.631,39.,29.612
K#0016,16,2.137,0.696,0.217,1.386,1.4,4.,91.129
K#0016,16,2.137,0.696,0.217,1.386,1.4,6.,83.153
K#0016,16,2.137,0.696,0.217,1.386,1.4,10.,75.888
K#0016,16,2.137,0.696,0.217,1.386,1.4,18.,64.453
K#0016,16,2.137,0.696,0.217,1.386,1.4,20.,53.644
K#0016,16,2.137,0.696,0.217,1.386,1.4,21.,57.245
K#0016,16,2.137,0.696,0.217,1.386,1.4,24.,50.725
K#0016,16,2.137,0.696,0.217,1.386,1.4,27.,53.038
K#0016,16,2.137,0.696,0.217,1.386,1.4,32.,44.042
K#0017,17,0.521,0.349,0.515,2.92,1.454,0.,89.008
K#0017,17,0.521,0.349,0.515,2.92,1.454,3.,75.880
K#0017,17,0.521,0.349,0.515,2.92,1.454,4.,82.899
K#0017,17,0.521,0.349,0.515,2.92,1.454,5.,72.760
K#0017,17,0.521,0.349,0.515,2.92,1.454,6.,69.614
K#0017,17,0.521,0.349,0.515,2.92,1.454,7.,80.793
K#0017,17,0.521,0.349,0.515,2.92,1.454,8.,63.396
K#0017,17,0.521,0.349,0.515,2.92,1.454,10.,55.376
K#0017,17,0.521,0.349,0.515,2.92,1.454,12.,57.424
K#0017,17,0.521,0.349,0.515,2.92,1.454,14.,58.348
K#0017,17,0.521,0.349,0.515,2.92,1.454,16.,43.466
K#0017,17,0.521,0.349,0.515,2.92,1.454,17.,43.143
K#0017,17,0.521,0.349,0.515,2.92,1.454,19.,46.876
K#0017,17,0.521,0.349,0.515,2.92,1.454,23.,23.100
K#0018,18,6.859,0.244,0.593,0.689,1.087,0.,87.618
K#0018,18,6.859,0.244,0.593,0.689,1.087,2.,87.258
K#0018,18,6.859,0.244,0.593,0.689,1.087,4.,75.690
K#0018,18,6.859,0.244,0.593,0.689,1.087,6.,78.743
K#0018,18,6.859,0.244,0.593,0.689,1.087,7.,80.255
K#0018,18,6.859,0.244,0.593,0.689,1.087,9.,76.009
K#0018,18,6.859,0.244,0.593,0.689,1.087,10.,69.285
K#0018,18,6.859,0.244,0.593,0.689,1.087,12.,65.289
K#0019,19,0.465,2.518,1.826,1.075,1.166,0.,98.587
K#0019,19,0.465,2.518,1.826,1.075,1.166,1.,87.368
K#0019,19,0.465,2.518,1.826,1.075,1.166,3.,74.843
K#0019,19,0.465,2.518,1.826,1.075,1.166,8.,61.782
K#0019,19,0.465,2.518,1.826,1.075,1.166,10.,64.064
K#0019,19,0.465,2.518,1.826,1.075,1.166,13.,54.839
K#0019,19,0.465,2.518,1.826,1.075,1.166,14.,47.895
K#0019,19,0.465,2.518,1.826,1.075,1.166,21.,40.337
K#0019,19,0.465,2.518,1.826,1.075,1.166,23.,27.505
K#0019,19,0.465,2.518,1.826,1.075,1.166,24.,28.186
K#0019,19,0.465,2.518,1.826,1.075,1.166,26.,30.887
K#0019,19,0.465,2.518,1.826,1.075,1.166,28.,25.539
K#0019,19,0.465,2.518,1.826,1.075,1.166,29.,21.908
K#0019,19,0.465,2.518,1.826,1.075,1.166,32.,9.104
K#0019,19,0.465,2.518,1.826,1.075,1.166,35.,22.240
K#0019,19,0.465,2.518,1.826,1.075,1.166,36.,19.657
K#0019,19,0.465,2.518,1.826,1.075,1.166,39.,7.008
K#0020,20,1.322,2.573,0.477,2.041,1.982,0.,87.502
K#0020,20,1.322,2.573,0.477,2.041,1.982,1.,95.581
K#0020,20,1.322,2.573,0.477,2.041,1.982,2.,83.536
K#0020,20,1.322,2.573,0.477,2.041,1.982,3.,76.387
K#0020,20,1.322,2.573,0.477,2.041,1.982,4.,75.638
K#0020,20,1.322,2.573,0.477,2.041,1.982,5.,73.478
K#0020,20,1.322,2.573,0.477,2.041,1.982,6.,74.534
K#0020,20,1.322,2.573,0.477,2.041,1.982,7.,67.311
K#0020,20,1.322,2.573,0.477,2.041,1.982,8.,63.658
K#0020,20,1.322,2.573,0.477,2.041,1.982,9.,64.754
K#0020,20,1.322,2.573,0.477,2.041,1.982,10.,65.709
K#0020,20,1.322,2.573,0.477,2.041,1.982,11.,64.704
K#0020,20,1.322,2.573,0.477,2.041,1.982,12.,61.705
K#0020,20,1.322,2.573,0.477,2.041,1.982,13.,54.576
K#0020,20,1.322,2.573,0.477,2.041,1.982,14.,46.372
K#0020,20,1.322,2.573,0.477,2.041,1.982,15.,48.911
K#0020,20,1.322,2.573,0.477,2.041,1.982,16.,52.448
K#0020,20,1.322,2.573,0.477,2.041,1.982,17.,42.551
K#0020,20,1.322,2.573,0.477,2.041,1.982,18.,48.738
K#0020,20,1.322,2.573,0.477,2.041,1.982,19.,42.842
K#0020,20,1.322,2.573,0.477,2.041,1.982,20.,41.258
K#0020,20,1.322,2.573,0.477,2.041,1.982,21.,48.201
K#0020,20,1.322,2.573,0.477,2.041,1.982,22.,42.187
K#0020,20,1.322,2.573,0.477,2.041,1.982,23.,46.488
K#0020,20,1.322,2.573,0.477,2.041,1.982,24.,33.535
K#0020,20,1.322,2.573,0.477,2.041,1.982,25.,42.530
K#0020,20,1.322,2.573,0.477,2.041,1.982,26.,40.114
K#0020,20,1.322,2.573,0.477,2.041,1.982,27.,19.333
K#0020,20,1.322,2.573,0.477,2.041,1.982,28.,32.651
K#0020,20,1.322,2.573,0.477,2.041,1.982,29.,39.630
K#0020,20,1.322,2.573,0.477,2.041,1.982,30.,34.678
K#0020,20,1.322,2.573,0.477,2.041,1.982,31.,27.490
K#0020,20,1.322,2.573,0.477,2.041,1.982,32.,27.480
K#0020,20,1.322,2.573,0.477,2.041,1.982,33.,21.113
K#0020,20,1.322,2.573,0.477,2.041,1.982,34.,27.681
K#0020,20,1.322,2.573,0.477,2.041,1.982,35.,16.739
K#0020,20,1.322,2.573,0.477,2.041,1.982,36.,19.717
K#0020,20,1.322,2.573,0.477,2.041,1.982,37.,29.510
K#0021,21,0.9,15.516,2.816,0.46,5.295,5.,63.139
K#0022,22,2.052,9.536,3.206,0.474,0.441,5.,59.995
K#0022,22,2.052,9.536,3.206,0.474,0.441,6.,55.159
K#0022,22,2.052,9.536,3.206,0.474,0.441,7.,58.479
K#0022,22,2.052,9.536,3.206,0.474,0.441,8.,43.898
K#0022,22,2.052,9.536,3.206,0.474,0.441,10.,41.979
K#0022,22,2.052,9.536,3.206,0.474,0.441,11.,34.310
K#0022,22,2.052,9.536,3.206,0.474,0.441,13.,35.136
K#0022,22,2.052,9.536,3.206,0.474,0.441,14.,33.001
K#0022,22,2.052,9.536,3.206,0.474,0.441,17.,30.995
K#0023,23,5.065,4.896,1.371,1.453,0.144,0.,80.777
K#0023,23,5.065,4.896,1.371,1.453,0.144,5.,74.516
K#0023,23,5.065,4.896,1.371,1.453,0.144,6.,75.130
K#0023,23,5.065,4.896,1.371,1.453,0.144,11.,61.974
K#0023,23,5.065,4.896,1.371,1.453,0.144,15.,48.203
K#0023,23,5.065,4.896,1.371,1.453,0.144,20.,30.101
K#0023,23,5.065,4.896,1.371,1.453,0.144,22.,33.560
K#0023,23,5.065,4.896,1.371,1.453,0.144,23.,31.245
K#0024,24,1.937,0.678,5.104,0.73,1.326,1.,80.511
K#0025,25,1.311,1.64,4.274,1.952,1.794,4.,79.053
K#0025,25,1.311,1.64,4.274,1.952,1.794,6.,71.082
K#0025,25,1.311,1.64,4.274,1.952,1.794,7.,67.827
K#0025,25,1.311,1.64,4.274,1.952,1.794,10.,39.724
K#0025,25,1.311,1.64,4.274,1.952,1.794,11.,52.988
K#0025,25,1.311,1.64,4.274,1.952,1.794,12.,40.171
K#0025,25,1.311,1.64,4.274,1.952,1.794,16.,40.546
K#0025,25,1.311,1.64,4.274,1.952,1.794,17.,34.450
K#0025,25,1.311,1.64,4.274,1.952,1.794,18.,33.849
K#0025,25,1.311,1.64,4.274,1.952,1.794,22.,20.939
K#0025,25,1.311,1.64,4.274,1.952,1.794,23.,23.563
K#0025,25,1.311,1.64,4.274,1.952,1.794,24.,11.415
K#0025,25,1.311,1.64,4.274,1.952,1.794,25.,24.916
K#0025,25,1.311,1.64,4.274,1.952,1.794,28.,14.329
K#0025,25,1.311,1.64,4.274,1.952,1.794,29.,2.028
K#0025,25,1.311,1.64,4.274,1.952,1.794,33.,16.841
K#0025,25,1.311,1.64,4.274,1.952,1.794,35.,18.506
K#0025,25,1.311,1.64,4.274,1.952,1.794,37.,4.503
K#0025,25,1.311,1.64,4.274,1.952,1.794,38.,14.386
K#0026,26,0.699,1.386,1.143,1.109,1.345,2.,84.749
K#0026,26,0.699,1.386,1.143,1.109,1.345,4.,84.852
K#0027,27,3.396,0.257,2.68,0.984,0.229,0.,93.039
K#0027,27,3.396,0.257,2.68,0.984,0.229,1.,86.133
K#0027,27,3.396,0.257,2.68,0.984,0.229,2.,85.788
K#0027,27,3.396,0.257,2.68,0.984,0.229,3.,83.108
K#0027,27,3.396,0.257,2.68,0.984,0.229,5.,75.610
K#0027,27,3.396,0.257,2.68,0.984,0.229,7.,67.218
K#0027,27,3.396,0.257,2.68,0.984,0.229,9.,63.263
K#0027,27,3.396,0.257,2.68,0.984,0.229,10.,61.322
K#0027,27,3.396,0.257,2.68,0.984,0.229,12.,45.644
K#0027,27,3.396,0.257,2.68,0.984,0.229,14.,44.387
K#0027,27,3.396,0.257,2.68,0.984,0.229,15.,48.360
K#0027,27,3.396,0.257,2.68,0.984,0.229,17.,42.243
K#0027,27,3.396,0.257,2.68,0.984,0.229,18.,39.021
K#0027,27,3.396,0.257,2.68,0.984,0.229,19.,39.354
K#0027,27,3.396,0.257,2.68,0.984,0.229,20.,38.987
K#0027,27,3.396,0.257,2.68,0.984,0.229,21.,28.257
K#0027,27,3.396,0.257,2.68,0.984,0.229,22.,24.817
K#0027,27,3.396,0.257,2.68,0.984,0.229,24.,22.221
K#0027,27,3.396,0.257,2.68,0.984,0.229,26.,34.605
K#0027,27,3.396,0.257,2.68,0.984,0.229,27.,18.798
K#0027,27,3.396,0.257,2.68,0.984,0.229,28.,21.716
K#0027,27,3.396,0.257,2.68,0.984,0.229,29.,20.839
K#0027,27,3.396,0.257,2.68,0.984,0.229,30.,25.854
K#0027,27,3.396,0.257,2.68,0.984,0.229,31.,10.992
K#0027,27,3.396,0.257,2.68,0.984,0.229,32.,18.522
K#0027,27,3.396,0.257,2.68,0.984,0.229,33.,23.872
K#0027,27,3.396,0.257,2.68,0.984,0.229,35.,21.672
K#0028,28,1.806,1.304,1.228,2.537,0.316,4.,72.307
K#0028,28,1.806,1.304,1.228,2.537,0.316,7.,76.388
K#0028,28,1.806,1.304,1.228,2.537,0.316,8.,73.526
K#0028,28,1.806,1.304,1.228,2.537,0.316,9.,67.396
K#0028,28,1.806,1.304,1.228,2.537,0.316,10.,62.881
K#0028,28,1.806,1.304,1.228,2.537,0.316,11.,50.628
K#0028,28,1.806,1.304,1.228,2.537,0.316,12.,57.121
K#0029,29,1.225,0.734,2.588,0.879,0.213,5.,73.966
K#0029,29,1.225,0.734,2.588,0.879,0.213,6.,85.484
K#0029,29,1.225,0.734,2.588,0.879,0.213,8.,63.377
K#0029,29,1.225,0.734,2.588,0.879,0.213,9.,69.945
K#0029,29,1.225,0.734,2.588,0.879,0.213,11.,65.474
K#0029,29,1.225,0.734,2.588,0.879,0.213,12.,52.317
K#0029,29,1.225,0.734,2.588,0.879,0.213,14.,43.064
K#0029,29,1.225,0.734,2.588,0.879,0.213,15.,41.388
K#0030,30,1.399,0.828,0.9,2.649,2.156,2.,96.519
K#0030,30,1.399,0.828,0.9,2.649,2.156,11.,62.652
K#0030,30,1.399,0.828,0.9,2.649,2.156,13.,50.318
K#0031,31,2.055,0.575,0.275,0.202,1.739,5.,77.706
K#0031,31,2.055,0.575,0.275,0.202,1.739,6.,77.724
K#0031,31,2.055,0.575,0.275,0.202,1.739,7.,76.353
K#0031,31,2.055,0.575,0.275,0.202,1.739,8.,72.261
K#0031,31,2.055,0.575,0.275,0.202,1.739,9.,64.394
K#0031,31,2.055,0.575,0.275,0.202,1.739,10.,62.793
K#0031,31,2.055,0.575,0.275,0.202,1.739,11.,70.004
K#0031,31,2.055,0.575,0.275,0.202,1.739,12.,63.766
K#0031,31,2.055,0.575,0.275,0.202,1.739,13.,73.061
K#0031,31,2.055,0.575,0.275,0.202,1.739,14.,57.918
K#0031,31,2.055,0.575,0.275,0.202,1.739,15.,72.350
K#0031,31,2.055,0.575,0.275,0.202,1.739,16.,59.309
K#0031,31,2.055,0.575,0.275,0.202,1.739,17.,62.510
K#0032,32,0.662,1.177,2.027,1.473,1.407,3.,81.676
K#0032,32,0.662,1.177,2.027,1.473,1.407,9.,62.097
K#0033,33,1.539,0.044,2.132,1.401,0.338,1.,93.687
K#0033,33,1.539,0.044,2.132,1.401,0.338,3.,92.181
K#0033,33,1.539,0.044,2.132,1.401,0.338,5.,73.930
K#0033,33,1.539,0.044,2.132,1.401,0.338,6.,71.056
K#0033,33,1.539,0.044,2.132,1.401,0.338,9.,68.212
K#0033,33,1.539,0.044,2.132,1.401,0.338,15.,50.109
K#0033,33,1.539,0.044,2.132,1.401,0.338,19.,39.779
K#0033,33,1.539,0.044,2.132,1.401,0.338,20.,43.628
K#0033,33,1.539,0.044,2.132,1.401,0.338,21.,38.392
K#0033,33,1.539,0.044,2.132,1.401,0.338,23.,39.596
K#0033,33,1.539,0.044,2.132,1.401,0.338,25.,34.683
K#0033,33,1.539,0.044,2.132,1.401,0.338,27.,31.084
K#0033,33,1.539,0.044,2.132,1.401,0.338,28.,30.439
K#0033,33,1.539,0.044,2.132,1.401,0.338,30.,33.433
K#0033,33,1.539,0.044,2.132,1.401,0.338,31.,33.731
K#0033,33,1.539,0.044,2.132,1.401,0.338,33.,24.189
K#0033,33,1.539,0.044,2.132,1.401,0.338,35.,17.838
K#0034,34,0.949,0.153,4.177,2.897,3.474,2.,67.690
K#0034,34,0.949,0.153,4.177,2.897,3.474,6.,60.252
K#0034,34,0.949,0.153,4.177,2.897,3.474,9.,49.241
K#0035,35,0.575,1.759,0.372,1.064,2.533,0.,97.122
K#0035,35,0.575,1.759,0.372,1.064,2.533,1.,93.631
K#0035,35,0.575,1.759,0.372,1.064,2.533,5.,74.430
K#0035,35,0.575,1.759,0.372,1.064,2.533,7.,81.124
K#0035,35,0.575,1.759,0.372,1.064,2.533,10.,59.617
K#0035,35,0.575,1.759,0.372,1.064,2.533,14.,68.799
K#0035,35,0.575,1.759,0.372,1.064,2.533,20.,50.198
K#0035,35,0.575,1.759,0.372,1.064,2.533,21.,54.968
K#0035,35,0.575,1.759,0.372,1.064,2.533,22.,45.607
K#0035,35,0.575,1.759,0.372,1.064,2.533,24.,41.608
K#0035,35,0.575,1.759,0.372,1.064,2.533,25.,47.386
K#0035,35,0.575,1.759,0.372,1.064,2.533,26.,39.806
K#0035,35,0.575,1.759,0.372,1.064,2.533,28.,32.32
K#0035,35,0.575,1.759,0.372,1.064,2.533,30.,37.120
K#0035,35,0.575,1.759,0.372,1.064,2.533,31.,29.478
K#0035,35,0.575,1.759,0.372,1.064,2.533,32.,35.145
K#0035,35,0.575,1.759,0.372,1.064,2.533,33.,40.987
K#0035,35,0.575,1.759,0.372,1.064,2.533,35.,36.776
K#0035,35,0.575,1.759,0.372,1.064,2.533,40.,27.212
K#0036,36,0.529,1.426,0.854,0.683,1.31,2.,70.228
K#0036,36,0.529,1.426,0.854,0.683,1.31,3.,63.209
K#0036,36,0.529,1.426,0.854,0.683,1.31,4.,67.597
K#0036,36,0.529,1.426,0.854,0.683,1.31,5.,73.196
K#0036,36,0.529,1.426,0.854,0.683,1.31,6.,71.57
K#0036,36,0.529,1.426,0.854,0.683,1.31,7.,68.177
K#0036,36,0.529,1.426,0.854,0.683,1.31,8.,61.102
K#0036,36,0.529,1.426,0.854,0.683,1.31,9.,60.455
K#0036,36,0.529,1.426,0.854,0.683,1.31,10.,64.052
K#0036,36,0.529,1.426,0.854,0.683,1.31,11.,51.349
K#0036,36,0.529,1.426,0.854,0.683,1.31,12.,55.562
K#0036,36,0.529,1.426,0.854,0.683,1.31,13.,42.505
K#0036,36,0.529,1.426,0.854,0.683,1.31,14.,53.455
K#0036,36,0.529,1.426,0.854,0.683,1.31,15.,46.036
K#0036,36,0.529,1.426,0.854,0.683,1.31,16.,40.821
K#0036,36,0.529,1.426,0.854,0.683,1.31,17.,48.832
K#0036,36,0.529,1.426,0.854,0.683,1.31,18.,37.837
K#0036,36,0.529,1.426,0.854,0.683,1.31,19.,37.537
K#0036,36,0.529,1.426,0.854,0.683,1.31,20.,48.091
K#0036,36,0.529,1.426,0.854,0.683,1.31,21.,33.761
K#0036,36,0.529,1.426,0.854,0.683,1.31,23.,33.028
K#0036,36,0.529,1.426,0.854,0.683,1.31,24.,31.620
K#0036,36,0.529,1.426,0.854,0.683,1.31,25.,37.734
K#0036,36,0.529,1.426,0.854,0.683,1.31,26.,23.446
K#0036,36,0.529,1.426,0.854,0.683,1.31,28.,36.632
K#0036,36,0.529,1.426,0.854,0.683,1.31,29.,28.099
K#0036,36,0.529,1.426,0.854,0.683,1.31,30.,26.705
K#0036,36,0.529,1.426,0.854,0.683,1.31,31.,22.815
K#0036,36,0.529,1.426,0.854,0.683,1.31,32.,25.615
K#0036,36,0.529,1.426,0.854,0.683,1.31,33.,32.772
K#0036,36,0.529,1.426,0.854,0.683,1.31,34.,25.594
K#0036,36,0.529,1.426,0.854,0.683,1.31,35.,19.008
K#0036,36,0.529,1.426,0.854,0.683,1.31,36.,21.105
K#0037,37,0.773,1.83,1.435,0.34,0.147,3.,74.612
K#0037,37,0.773,1.83,1.435,0.34,0.147,4.,66.499
K#0037,37,0.773,1.83,1.435,0.34,0.147,5.,71.387
K#0037,37,0.773,1.83,1.435,0.34,0.147,6.,73.693
K#0037,37,0.773,1.83,1.435,0.34,0.147,7.,65.006
K#0037,37,0.773,1.83,1.435,0.34,0.147,8.,59.353
K#0037,37,0.773,1.83,1.435,0.34,0.147,9.,52.473
K#0037,37,0.773,1.83,1.435,0.34,0.147,11.,54.181
K#0037,37,0.773,1.83,1.435,0.34,0.147,12.,59.508
K#0037,37,0.773,1.83,1.435,0.34,0.147,13.,37.793
K#0037,37,0.773,1.83,1.435,0.34,0.147,14.,50.825
K#0037,37,0.773,1.83,1.435,0.34,0.147,15.,44.818
K#0037,37,0.773,1.83,1.435,0.34,0.147,16.,49.861
K#0037,37,0.773,1.83,1.435,0.34,0.147,17.,39.942
K#0037,37,0.773,1.83,1.435,0.34,0.147,18.,28.120
K#0037,37,0.773,1.83,1.435,0.34,0.147,19.,47.319
K#0037,37,0.773,1.83,1.435,0.34,0.147,20.,30.052
K#0037,37,0.773,1.83,1.435,0.34,0.147,21.,38.399
K#0037,37,0.773,1.83,1.435,0.34,0.147,22.,32.367
K#0037,37,0.773,1.83,1.435,0.34,0.147,23.,31.471
K#0037,37,0.773,1.83,1.435,0.34,0.147,24.,31.075
K#0037,37,0.773,1.83,1.435,0.34,0.147,26.,25.247
K#0037,37,0.773,1.83,1.435,0.34,0.147,27.,27.776
K#0037,37,0.773,1.83,1.435,0.34,0.147,30.,25.251
K#0037,37,0.773,1.83,1.435,0.34,0.147,31.,26.761
K#0037,37,0.773,1.83,1.435,0.34,0.147,32.,22.457
K#0037,37,0.773,1.83,1.435,0.34,0.147,33.,22.541
K#0037,37,0.773,1.83,1.435,0.34,0.147,34.,26.741
K#0037,37,0.773,1.83,1.435,0.34,0.147,35.,14.776
K#0037,37,0.773,1.83,1.435,0.34,0.147,36.,18.856
K#0037,37,0.773,1.83,1.435,0.34,0.147,37.,20.147
K#0038,38,1.104,0.708,3.456,0.725,1.984,5.,69.130
K#0038,38,1.104,0.708,3.456,0.725,1.984,6.,55.420
K#0038,38,1.104,0.708,3.456,0.725,1.984,7.,56.205
K#0038,38,1.104,0.708,3.456,0.725,1.984,8.,54.777
K#0038,38,1.104,0.708,3.456,0.725,1.984,9.,41.525
K#0038,38,1.104,0.708,3.456,0.725,1.984,10.,43.615
K#0038,38,1.104,0.708,3.456,0.725,1.984,11.,41.753
K#0038,38,1.104,0.708,3.456,0.725,1.984,12.,43.436
K#0038,38,1.104,0.708,3.456,0.725,1.984,14.,34.513
K#0038,38,1.104,0.708,3.456,0.725,1.984,15.,28.076
K#0038,38,1.104,0.708,3.456,0.725,1.984,17.,33.
K#0038,38,1.104,0.708,3.456,0.725,1.984,18.,26.474
K#0038,38,1.104,0.708,3.456,0.725,1.984,19.,21.942
K#0038,38,1.104,0.708,3.456,0.725,1.984,20.,20.438
K#0038,38,1.104,0.708,3.456,0.725,1.984,21.,24.016
K#0038,38,1.104,0.708,3.456,0.725,1.984,22.,31.029
K#0038,38,1.104,0.708,3.456,0.725,1.984,23.,21.617
K#0038,38,1.104,0.708,3.456,0.725,1.984,25.,25.492
K#0038,38,1.104,0.708,3.456,0.725,1.984,26.,7.809
K#0038,38,1.104,0.708,3.456,0.725,1.984,27.,13.818
K#0038,38,1.104,0.708,3.456,0.725,1.984,28.,10.749
K#0038,38,1.104,0.708,3.456,0.725,1.984,30.,13.876
K#0038,38,1.104,0.708,3.456,0.725,1.984,31.,18.276
K#0038,38,1.104,0.708,3.456,0.725,1.984,32.,10.914
K#0038,38,1.104,0.708,3.456,0.725,1.984,33.,6.687
K#0038,38,1.104,0.708,3.456,0.725,1.984,34.,16.951
K#0038,38,1.104,0.708,3.456,0.725,1.984,35.,7.742
K#0038,38,1.104,0.708,3.456,0.725,1.984,36.,12.292
K#0038,38,1.104,0.708,3.456,0.725,1.984,37.,7.014
K#0038,38,1.104,0.708,3.456,0.725,1.984,38.,12.366
K#0038,38,1.104,0.708,3.456,0.725,1.984,39.,7.335
K#0038,38,1.104,0.708,3.456,0.725,1.984,40.,12.729
K#0038,38,1.104,0.708,3.456,0.725,1.984,42.,10.938
K#0038,38,1.104,0.708,3.456,0.725,1.984,43.,18.517
K#0039,39,0.313,0.55,1.455,0.49,4.568,0.,78.621
K#0039,39,0.313,0.55,1.455,0.49,4.568,1.,77.589
K#0039,39,0.313,0.55,1.455,0.49,4.568,7.,60.956
K#0039,39,0.313,0.55,1.455,0.49,4.568,9.,56.095
K#0039,39,0.313,0.55,1.455,0.49,4.568,10.,68.660
K#0039,39,0.313,0.55,1.455,0.49,4.568,13.,54.149
K#0039,39,0.313,0.55,1.455,0.49,4.568,21.,40.792
K#0039,39,0.313,0.55,1.455,0.49,4.568,26.,33.089
K#0039,39,0.313,0.55,1.455,0.49,4.568,30.,35.298
K#0039,39,0.313,0.55,1.455,0.49,4.568,31.,31.037
K#0039,39,0.313,0.55,1.455,0.49,4.568,32.,31.218
K#0039,39,0.313,0.55,1.455,0.49,4.568,34.,28.585
K#0039,39,0.313,0.55,1.455,0.49,4.568,38.,22.744
K#0039,39,0.313,0.55,1.455,0.49,4.568,39.,21.349
K#0040,40,1.004,1.399,3.3,14.272,0.672,2.,72.265
K#0040,40,1.004,1.399,3.3,14.272,0.672,4.,58.065
K#0040,40,1.004,1.399,3.3,14.272,0.672,6.,58.818
K#0040,40,1.004,1.399,3.3,14.272,0.672,7.,41.371
K#0040,40,1.004,1.399,3.3,14.272,0.672,9.,34.792
K#0040,40,1.004,1.399,3.3,14.272,0.672,10.,37.137
K#0040,40,1.004,1.399,3.3,14.272,0.672,11.,42.400
K#0040,40,1.004,1.399,3.3,14.272,0.672,12.,20.665
K#0040,40,1.004,1.399,3.3,14.272,0.672,13.,23.076
K#0040,40,1.004,1.399,3.3,14.272,0.672,14.,31.521
K#0040,40,1.004,1.399,3.3,14.272,0.672,15.,19.643
K#0040,40,1.004,1.399,3.3,14.272,0.672,16.,31.456
K#0040,40,1.004,1.399,3.3,14.272,0.672,17.,15.329
K#0040,40,1.004,1.399,3.3,14.272,0.672,18.,23.215
K#0040,40,1.004,1.399,3.3,14.272,0.672,19.,15.958
K#0040,40,1.004,1.399,3.3,14.272,0.672,20.,17.360
K#0040,40,1.004,1.399,3.3,14.272,0.672,21.,8.656
K#0040,40,1.004,1.399,3.3,14.272,0.672,22.,4.677
K#0040,40,1.004,1.399,3.3,14.272,0.672,23.,15.550
K#0040,40,1.004,1.399,3.3,14.272,0.672,25.,7.201
K#0040,40,1.004,1.399,3.3,14.272,0.672,26.,4.452
K#0040,40,1.004,1.399,3.3,14.272,0.672,27.,2.782
K#0040,40,1.004,1.399,3.3,14.272,0.672,28.,2.406
K#0040,40,1.004,1.399,3.3,14.272,0.672,29.,13.776
K#0040,40,1.004,1.399,3.3,14.272,0.672,30.,1.825
K#0040,40,1.004,1.399,3.3,14.272,0.672,32.,2.720
K#0040,40,1.004,1.399,3.3,14.272,0.672,33.,14.823
K#0040,40,1.004,1.399,3.3,14.272,0.672,34.,2.421
K#0040,40,1.004,1.399,3.3,14.272,0.672,35.,4.181
K#0041,41,0.503,3.593,1.377,0.533,0.25,1.,82.085
K#0041,41,0.503,3.593,1.377,0.533,0.25,36.,17.067
K#0042,42,1.046,2.015,0.759,0.858,0.123,0.,101.625
K#0042,42,1.046,2.015,0.759,0.858,0.123,2.,93.569
K#0042,42,1.046,2.015,0.759,0.858,0.123,3.,84.847
K#0042,42,1.046,2.015,0.759,0.858,0.123,4.,89.683
K#0042,42,1.046,2.015,0.759,0.858,0.123,5.,95.383
K#0042,42,1.046,2.015,0.759,0.858,0.123,6.,71.985
K#0042,42,1.046,2.015,0.759,0.858,0.123,7.,72.573
K#0042,42,1.046,2.015,0.759,0.858,0.123,10.,78.065
K#0042,42,1.046,2.015,0.759,0.858,0.123,11.,69.839
K#0042,42,1.046,2.015,0.759,0.858,0.123,13.,61.131
K#0042,42,1.046,2.015,0.759,0.858,0.123,14.,64.308
K#0042,42,1.046,2.015,0.759,0.858,0.123,15.,59.927
K#0042,42,1.046,2.015,0.759,0.858,0.123,16.,52.943
K#0042,42,1.046,2.015,0.759,0.858,0.123,17.,50.878
K#0042,42,1.046,2.015,0.759,0.858,0.123,18.,56.581
K#0042,42,1.046,2.015,0.759,0.858,0.123,20.,50.390
K#0042,42,1.046,2.015,0.759,0.858,0.123,22.,50.683
K#0042,42,1.046,2.015,0.759,0.858,0.123,24.,45.420
K#0042,42,1.046,2.015,0.759,0.858,0.123,25.,37.592
K#0042,42,1.046,2.015,0.759,0.858,0.123,26.,46.846
K#0042,42,1.046,2.015,0.759,0.858,0.123,27.,33.223
K#0042,42,1.046,2.015,0.759,0.858,0.123,28.,34.236
K#0042,42,1.046,2.015,0.759,0.858,0.123,29.,31.299
K#0042,42,1.046,2.015,0.759,0.858,0.123,30.,26.963
K#0042,42,1.046,2.015,0.759,0.858,0.123,32.,34.724
K#0042,42,1.046,2.015,0.759,0.858,0.123,33.,25.230
K#0042,42,1.046,2.015,0.759,0.858,0.123,34.,25.995
K#0042,42,1.046,2.015,0.759,0.858,0.123,36.,32.089
K#0043,43,0.202,0.364,0.679,0.854,0.574,0.,95.857
K#0043,43,0.202,0.364,0.679,0.854,0.574,1.,91.466
K#0043,43,0.202,0.364,0.679,0.854,0.574,2.,89.953
K#0043,43,0.202,0.364,0.679,0.854,0.574,3.,84.083
K#0043,43,0.202,0.364,0.679,0.854,0.574,4.,81.832
K#0043,43,0.202,0.364,0.679,0.854,0.574,5.,84.415
K#0043,43,0.202,0.364,0.679,0.854,0.574,6.,68.627
K#0043,43,0.202,0.364,0.679,0.854,0.574,7.,72.914
K#0043,43,0.202,0.364,0.679,0.854,0.574,8.,74.630
K#0043,43,0.202,0.364,0.679,0.854,0.574,9.,74.044
K#0043,43,0.202,0.364,0.679,0.854,0.574,10.,68.194
K#0043,43,0.202,0.364,0.679,0.854,0.574,11.,68.707
K#0043,43,0.202,0.364,0.679,0.854,0.574,12.,64.223
K#0043,43,0.202,0.364,0.679,0.854,0.574,13.,54.673
K#0043,43,0.202,0.364,0.679,0.854,0.574,14.,66.745
K#0043,43,0.202,0.364,0.679,0.854,0.574,15.,61.508
K#0043,43,0.202,0.364,0.679,0.854,0.574,16.,53.562
K#0043,43,0.202,0.364,0.679,0.854,0.574,17.,63.960
K#0043,43,0.202,0.364,0.679,0.854,0.574,18.,58.263
K#0043,43,0.202,0.364,0.679,0.854,0.574,19.,50.089
K#0043,43,0.202,0.364,0.679,0.854,0.574,20.,57.141
K#0043,43,0.202,0.364,0.679,0.854,0.574,21.,52.744
K#0043,43,0.202,0.364,0.679,0.854,0.574,22.,52.680
K#0043,43,0.202,0.364,0.679,0.854,0.574,23.,44.060
K#0043,43,0.202,0.364,0.679,0.854,0.574,24.,42.863
K#0043,43,0.202,0.364,0.679,0.854,0.574,25.,40.154
K#0043,43,0.202,0.364,0.679,0.854,0.574,26.,40.224
K#0043,43,0.202,0.364,0.679,0.854,0.574,27.,30.066
K#0043,43,0.202,0.364,0.679,0.854,0.574,28.,45.792
K#0043,43,0.202,0.364,0.679,0.854,0.574,29.,33.251
K#0043,43,0.202,0.364,0.679,0.854,0.574,30.,40.818
K#0043,43,0.202,0.364,0.679,0.854,0.574,31.,30.331
K#0043,43,0.202,0.364,0.679,0.854,0.574,32.,36.293
K#0043,43,0.202,0.364,0.679,0.854,0.574,33.,28.668
K#0043,43,0.202,0.364,0.679,0.854,0.574,34.,33.484
K#0043,43,0.202,0.364,0.679,0.854,0.574,35.,24.570
K#0043,43,0.202,0.364,0.679,0.854,0.574,36.,28.624
K#0043,43,0.202,0.364,0.679,0.854,0.574,37.,33.927
K#0043,43,0.202,0.364,0.679,0.854,0.574,38.,30.773
K#0043,43,0.202,0.364,0.679,0.854,0.574,39.,29.661
K#0043,43,0.202,0.364,0.679,0.854,0.574,40.,23.643
K#0044,44,1.767,1.372,0.559,0.482,1.898,0.,81.224
K#0044,44,1.767,1.372,0.559,0.482,1.898,2.,77.601
K#0044,44,1.767,1.372,0.559,0.482,1.898,5.,71.631
K#0044,44,1.767,1.372,0.559,0.482,1.898,7.,73.958
K#0044,44,1.767,1.372,0.559,0.482,1.898,11.,60.116
K#0044,44,1.767,1.372,0.559,0.482,1.898,18.,51.475
K#0044,44,1.767,1.372,0.559,0.482,1.898,21.,43.937
K#0044,44,1.767,1.372,0.559,0.482,1.898,24.,50.474
K#0045,45,0.663,0.83,0.138,0.456,0.338,4.,83.727
K#0045,45,0.663,0.83,0.138,0.456,0.338,5.,78.192
K#0045,45,0.663,0.83,0.138,0.456,0.338,7.,76.175
K#0045,45,0.663,0.83,0.138,0.456,0.338,8.,74.380
K#0045,45,0.663,0.83,0.138,0.456,0.338,9.,70.762
K#0045,45,0.663,0.83,0.138,0.456,0.338,10.,74.935
K#0045,45,0.663,0.83,0.138,0.456,0.338,11.,71.554
K#0045,45,0.663,0.83,0.138,0.456,0.338,12.,74.091
K#0045,45,0.663,0.83,0.138,0.456,0.338,13.,69.480
K#0045,45,0.663,0.83,0.138,0.456,0.338,14.,65.743
K#0045,45,0.663,0.83,0.138,0.456,0.338,15.,52.675
K#0045,45,0.663,0.83,0.138,0.456,0.338,16.,62.596
K#0045,45,0.663,0.83,0.138,0.456,0.338,17.,56.804
K#0045,45,0.663,0.83,0.138,0.456,0.338,18.,63.957
K#0045,45,0.663,0.83,0.138,0.456,0.338,19.,57.471
K#0045,45,0.663,0.83,0.138,0.456,0.338,20.,51.863
K#0045,45,0.663,0.83,0.138,0.456,0.338,21.,51.568
K#0045,45,0.663,0.83,0.138,0.456,0.338,22.,46.919
K#0045,45,0.663,0.83,0.138,0.456,0.338,23.,48.866
K#0045,45,0.663,0.83,0.138,0.456,0.338,24.,51.889
K#0045,45,0.663,0.83,0.138,0.456,0.338,25.,54.949
K#0045,45,0.663,0.83,0.138,0.456,0.338,26.,50.428
K#0045,45,0.663,0.83,0.138,0.456,0.338,27.,50.682
K#0045,45,0.663,0.83,0.138,0.456,0.338,28.,49.923
K#0045,45,0.663,0.83,0.138,0.456,0.338,29.,42.712
K#0045,45,0.663,0.83,0.138,0.456,0.338,30.,50.488
K#0045,45,0.663,0.83,0.138,0.456,0.338,31.,35.383
K#0046,46,0.14,5.254,0.136,1.992,6.008,1.,91.700
K#0046,46,0.14,5.254,0.136,1.992,6.008,2.,90.069
K#0046,46,0.14,5.254,0.136,1.992,6.008,4.,77.646
K#0046,46,0.14,5.254,0.136,1.992,6.008,5.,73.343
K#0046,46,0.14,5.254,0.136,1.992,6.008,7.,74.919
K#0046,46,0.14,5.254,0.136,1.992,6.008,8.,71.016
K#0046,46,0.14,5.254,0.136,1.992,6.008,9.,71.698
K#0046,46,0.14,5.254,0.136,1.992,6.008,10.,75.142
K#0046,46,0.14,5.254,0.136,1.992,6.008,11.,63.548
K#0046,46,0.14,5.254,0.136,1.992,6.008,12.,60.496
K#0046,46,0.14,5.254,0.136,1.992,6.008,13.,66.702
K#0046,46,0.14,5.254,0.136,1.992,6.008,15.,55.619
K#0046,46,0.14,5.254,0.136,1.992,6.008,16.,56.177
K#0046,46,0.14,5.254,0.136,1.992,6.008,17.,53.517
K#0046,46,0.14,5.254,0.136,1.992,6.008,18.,61.657
K#0046,46,0.14,5.254,0.136,1.992,6.008,19.,42.121
K#0046,46,0.14,5.254,0.136,1.992,6.008,20.,44.764
K#0046,46,0.14,5.254,0.136,1.992,6.008,21.,50.510
K#0046,46,0.14,5.254,0.136,1.992,6.008,22.,51.497
K#0046,46,0.14,5.254,0.136,1.992,6.008,23.,39.043
K#0046,46,0.14,5.254,0.136,1.992,6.008,24.,48.624
K#0046,46,0.14,5.254,0.136,1.992,6.008,25.,38.965
K#0046,46,0.14,5.254,0.136,1.992,6.008,26.,36.325
K#0046,46,0.14,5.254,0.136,1.992,6.008,27.,35.487
K#0046,46,0.14,5.254,0.136,1.992,6.008,28.,39.131
K#0046,46,0.14,5.254,0.136,1.992,6.008,29.,38.552
K#0046,46,0.14,5.254,0.136,1.992,6.008,31.,29.410
K#0046,46,0.14,5.254,0.136,1.992,6.008,32.,33.699
K#0046,46,0.14,5.254,0.136,1.992,6.008,33.,29.680
K#0047,47,1.095,1.175,0.359,0.887,1.419,2.,80.131
K#0047,47,1.095,1.175,0.359,0.887,1.419,4.,84.011
K#0047,47,1.095,1.175,0.359,0.887,1.419,5.,80.262
K#0047,47,1.095,1.175,0.359,0.887,1.419,6.,73.011
K#0047,47,1.095,1.175,0.359,0.887,1.419,7.,78.351
K#0047,47,1.095,1.175,0.359,0.887,1.419,8.,69.507
K#0047,47,1.095,1.175,0.359,0.887,1.419,9.,67.062
K#0047,47,1.095,1.175,0.359,0.887,1.419,11.,66.474
K#0047,47,1.095,1.175,0.359,0.887,1.419,13.,66.046
K#0047,47,1.095,1.175,0.359,0.887,1.419,14.,59.066
K#0047,47,1.095,1.175,0.359,0.887,1.419,15.,61.019
K#0048,48,0.62,0.593,0.08,0.235,0.175,3.,83.936
K#0048,48,0.62,0.593,0.08,0.235,0.175,4.,82.080
K#0048,48,0.62,0.593,0.08,0.235,0.175,5.,82.462
K#0048,48,0.62,0.593,0.08,0.235,0.175,6.,80.568
K#0048,48,0.62,0.593,0.08,0.235,0.175,7.,80.694
K#0048,48,0.62,0.593,0.08,0.235,0.175,11.,81.643
K#0048,48,0.62,0.593,0.08,0.235,0.175,12.,77.761
K#0048,48,0.62,0.593,0.08,0.235,0.175,13.,76.133
K#0048,48,0.62,0.593,0.08,0.235,0.175,14.,73.178
K#0048,48,0.62,0.593,0.08,0.235,0.175,15.,66.302
K#0048,48,0.62,0.593,0.08,0.235,0.175,17.,61.545
K#0048,48,0.62,0.593,0.08,0.235,0.175,18.,64.508
K#0048,48,0.62,0.593,0.08,0.235,0.175,21.,68.096
K#0048,48,0.62,0.593,0.08,0.235,0.175,27.,61.743
K#0048,48,0.62,0.593,0.08,0.235,0.175,28.,47.454
K#0048,48,0.62,0.593,0.08,0.235,0.175,30.,43.921
K#0048,48,0.62,0.593,0.08,0.235,0.175,33.,58.367
K#0048,48,0.62,0.593,0.08,0.235,0.175,34.,56.218
K#0048,48,0.62,0.593,0.08,0.235,0.175,35.,45.076
K#0049,49,0.614,1.807,1.315,1.351,2.869,5.,74.930
K#0049,49,0.614,1.807,1.315,1.351,2.869,9.,64.558
K#0049,49,0.614,1.807,1.315,1.351,2.869,12.,62.509
K#0049,49,0.614,1.807,1.315,1.351,2.869,25.,31.451
K#0049,49,0.614,1.807,1.315,1.351,2.869,27.,34.374
K#0049,49,0.614,1.807,1.315,1.351,2.869,31.,25.668
K#0049,49,0.614,1.807,1.315,1.351,2.869,39.,20.516
K#0049,49,0.614,1.807,1.315,1.351,2.869,40.,37.155
K#0050,50,0.318,0.163,0.858,0.269,0.408,3.,70.577
K#0050,50,0.318,0.163,0.858,0.269,0.408,5.,64.278
K#0050,50,0.318,0.163,0.858,0.269,0.408,6.,72.740
K#0050,50,0.318,0.163,0.858,0.269,0.408,8.,68.895
K#0051,51,1.257,0.844,2.886,3.085,0.16,5.,82.736
K#0051,51,1.257,0.844,2.886,3.085,0.16,6.,62.884
K#0051,51,1.257,0.844,2.886,3.085,0.16,8.,59.461
K#0051,51,1.257,0.844,2.886,3.085,0.16,9.,52.840
K#0052,52,1.112,2.059,6.821,0.372,0.618,4.,59.707
K#0052,52,1.112,2.059,6.821,0.372,0.618,6.,50.816
K#0052,52,1.112,2.059,6.821,0.372,0.618,7.,43.051
K#0052,52,1.112,2.059,6.821,0.372,0.618,9.,25.187
K#0053,53,0.659,0.908,1.67,0.162,2.214,5.,74.426
K#0053,53,0.659,0.908,1.67,0.162,2.214,6.,77.781
K#0053,53,0.659,0.908,1.67,0.162,2.214,7.,72.609
K#0053,53,0.659,0.908,1.67,0.162,2.214,8.,71.492
K#0053,53,0.659,0.908,1.67,0.162,2.214,9.,68.050
K#0054,54,0.479,0.348,0.36,0.263,0.134,5.,78.183
K#0054,54,0.479,0.348,0.36,0.263,0.134,6.,74.088
K#0054,54,0.479,0.348,0.36,0.263,0.134,9.,67.796
K#0055,55,0.758,1.755,1.366,2.75,1.044,0.,96.624
K#0056,56,3.748,3.577,1.997,1.168,0.42,3.,71.376
K#0056,56,3.748,3.577,1.997,1.168,0.42,5.,70.357
K#0056,56,3.748,3.577,1.997,1.168,0.42,7.,51.989
K#0056,56,3.748,3.577,1.997,1.168,0.42,8.,61.057
K#0056,56,3.748,3.577,1.997,1.168,0.42,9.,62.940
K#0057,57,3.989,0.522,0.305,0.217,2.708,5.,84.930
K#0057,57,3.989,0.522,0.305,0.217,2.708,6.,73.509
K#0057,57,3.989,0.522,0.305,0.217,2.708,7.,82.217
K#0057,57,3.989,0.522,0.305,0.217,2.708,8.,83.335
K#0058,58,3.182,1.352,4.457,1.136,8.064,5.,70.700
K#0058,58,3.182,1.352,4.457,1.136,8.064,6.,66.316
K#0059,59,9.175,3.611,1.273,2.888,0.128,5.,72.920
K#0059,59,9.175,3.611,1.273,2.888,0.128,9.,66.790
K#0060,60,1.23,0.795,1.099,0.473,0.847,3.,73.134
K#0061,61,1.205,1.144,0.195,1.634,0.367,5.,73.151
K#0061,61,1.205,1.144,0.195,1.634,0.367,6.,68.330
K#0061,61,1.205,1.144,0.195,1.634,0.367,8.,85.349
K#0062,62,0.688,3.073,0.641,0.283,2.333,6.,80.586
K#0063,63,1.252,4.438,0.321,0.363,0.741,3.,84.847
K#0063,63,1.252,4.438,0.321,0.363,0.741,4.,93.142
K#0063,63,1.252,4.438,0.321,0.363,0.741,8.,68.065
K#0063,63,1.252,4.438,0.321,0.363,0.741,9.,85.743
K#0064,64,3.971,1.209,0.078,0.451,2.311,2.,88.800
K#0064,64,3.971,1.209,0.078,0.451,2.311,3.,91.067
K#0064,64,3.971,1.209,0.078,0.451,2.311,4.,88.068
K#0064,64,3.971,1.209,0.078,0.451,2.311,5.,83.698
K#0064,64,3.971,1.209,0.078,0.451,2.311,7.,87.149
K#0064,64,3.971,1.209,0.078,0.451,2.311,9.,85.368
K#0065,65,1.053,0.843,2.525,0.464,1.597,5.,72.621
K#0066,66,2.483,10.044,0.355,12.405,0.167,0.,82.091
K#0067,67,1.101,0.31,5.24,1.669,1.045,5.,61.782
K#0068,68,0.45,0.863,0.792,0.544,12.921,4.,86.140
K#0068,68,0.45,0.863,0.792,0.544,12.921,7.,74.121
K#0068,68,0.45,0.863,0.792,0.544,12.921,8.,68.174
K#0069,69,0.754,1.848,0.403,14.171,0.827,5.,74.465
K#0070,70,0.621,0.686,1.889,2.032,0.984,6.,67.551
K#0070,70,0.621,0.686,1.889,2.032,0.984,7.,62.166
K#0071,71,1.055,0.33,1.694,1.699,0.942,6.,67.888
K#0072,72,0.349,2.801,0.369,1.045,4.729,2.,79.885
K#0072,72,0.349,2.801,0.369,1.045,4.729,3.,77.842
K#0072,72,0.349,2.801,0.369,1.045,4.729,4.,84.805
K#0072,72,0.349,2.801,0.369,1.045,4.729,5.,81.107
K#0072,72,0.349,2.801,0.369,1.045,4.729,6.,65.524
K#0072,72,0.349,2.801,0.369,1.045,4.729,7.,67.964
K#0072,72,0.349,2.801,0.369,1.045,4.729,8.,75.889
K#0072,72,0.349,2.801,0.369,1.045,4.729,9.,58.172
K#0073,73,1.062,5.715,1.264,1.741,1.627,0.,95.448
K#0073,73,1.062,5.715,1.264,1.741,1.627,3.,79.261
K#0073,73,1.062,5.715,1.264,1.741,1.627,5.,75.489
K#0074,74,0.798,1.935,0.171,0.905,2.366,3.,86.792
K#0074,74,0.798,1.935,0.171,0.905,2.366,6.,88.145
K#0074,74,0.798,1.935,0.171,0.905,2.366,7.,75.088
K#0074,74,0.798,1.935,0.171,0.905,2.366,9.,68.078
